"","PLOT_ID","Hoja_arboles.x","INVENTORY_ID_IFN2","ID_sp1.x","ID_sp2.x","Precipitacion_Media_Anual.x","Temperatura_Media_Anual.x","Indice_Martonne.x","Indice_Martonne_1.x","Indice_Martonne_2.x","Indice_Martonne_3.x","Indice_Martonne_4.x","Anyo.x","T_IFN2","Proporcion_sp1.x","Proporcion_sp2.x","N_IFN2","N_sp1.x","N_sp2.x","N_muerto_IFN2","N_incorporado_IFN2","G_IFN2","G_sp1.x","G_sp2.x","g_max_sp1.x","g_max_sp2.x","g_min_sp1.x","g_min_sp2.x","g_media_sp1.x","g_media_sp2.x","G_muerta_IFN2","G_incorporada_IFN2","dbh_max_sp1.x","dbh_max_sp2.x","dbh_min_sp1.x","dbh_min_sp2.x","dbh_medio_sp1.x","dbh_medio_sp2.x","dg_IFN2","dg_sp1.x","dg_sp2.x","Do_IFN2","Do_sp1.x","Do_sp2.x","Seccion_domi.nte_IFN2","Seccion_Domi.nte_sp1.x","Seccion_Domi.nte_sp2.x","h_max_sp1.x","h_max_sp2.x","h_min_sp1.x","h_min_sp2.x","h_media_sp1.x","h_media_sp2.x","Ho_IFN2","Ho_sp1.x","Ho_sp2.x","d_copa_IFN2","d_medio_copa_sp1.x","d_medio_copa_sp2.x","Do_copa_IFN2","Do_copa_sp1.x","Do_copa_sp2.x","FCC_IFN2","FCC_sp1.x","FCC_sp2.x","Esbeltez_(hq/dq).x","Esbeltez_(h100/d100).x","SDI_IFN2","SDI_sp1.x","SDI_sp2.x","SDImax.x","SDImax_sp1.x","SDImax_sp2.x","Hart_IFN2","Hart_tresbolillo_IFN2","SI_IFN2","VOB_IFN2","VUB_IFN2","VBARK_IFN2","V_muerto_IFN2","V_incorporado_IFN2","V_sp1.x","Bole_V_sp1.x","Bark_V_sp1.x","V_sp2.x","Bole_V_sp2.x","Bark_V_sp2.x","V_sierra_gruesa_IFN2","V_sierra_IFN2","V_sierra_canter_IFN2","V_trituracion_IFN2","V_desenrollo_sp1.x","V_chapa_sp1.x","V_sierra_gruesa_sp1.x","V_sierra_sp1.x","V_sierra_canter_sp1.x","V_postes_sp1.x","V_estacas_sp1.x","V_trituracion_sp1.x","V_desenrollo_sp2.x","V_chapa_sp2.x","V_sierra_gruesa_sp2.x","V_sierra_sp2.x","V_sierra_canter_sp2.x","V_postes_sp2.x","V_estacas_sp2.x","V_trituracion_sp2.x","WSW_IFN2","WB2_t_IFN2","WTBL_IFN2","WR_IFN2","WT_IFN2","WT_muerta_IFN2","WT_incorporada_IFN2","WSW_sp1.x","WSB_sp1.x","WSWB_sp1.x","WTHICKB_sp1.x","WSTB_sp1.x","WB2_7_sp1.x","WB_2_T_sp1.x","WTHINB_sp1.x","WB05_sp1.x","WB05_7_sp1.x","WB0_2_sp1.x","WDB_sp1.x","WL_sp1.x","WTBL_sp1.x","WBL0_7_sp1.x","WR_sp1.x","WT_sp1.x","WSW_sp2.x","WSB_sp2.x","WSWB_sp2.x","WTHICKB_sp2.x","WSTB_sp2.x","WB2_7_sp2.x","WB_2_T_sp2.x","WTHINB_sp2.x","WB05_sp2.x","WB05_7_sp2.x","WB0_2_sp2.x","WDB_sp2.x","WL_sp2.x","WTBL_sp2.x","WBL0_7_sp2.x","WR_sp2.x","WT_sp2.x","W_descorchado.x","V_descorchado.x","ID_esce.rio","Hoja_arboles.y","INVENTORY_ID_IFN3","ID_sp1.y","ID_sp2.y","Precipitacion_Media_Anual.y","Temperatura_Media_Anual.y","Indice_Martonne.y","Indice_Martonne_1.y","Indice_Martonne_2.y","Indice_Martonne_3.y","Indice_Martonne_4.y","Anyo.y","T_IFN3","Proporcion_sp1.y","Proporcion_sp2.y","N_IFN3","N_sp1.y","N_sp2.y","N_muerto_IFN3.x","N_incorporado_IFN3.x","G_IFN3","G_sp1.y","G_sp2.y","g_max_sp1.y","g_max_sp2.y","g_min_sp1.y","g_min_sp2.y","g_media_sp1.y","g_media_sp2.y","G_muerta_IFN3.x","G_incorporada_IFN3.x","dbh_max_sp1.y","dbh_max_sp2.y","dbh_min_sp1.y","dbh_min_sp2.y","dbh_medio_sp1.y","dbh_medio_sp2.y","dg_IFN3","dg_sp1.y","dg_sp2.y","Do_IFN3","Do_sp1.y","Do_sp2.y","Seccion_domi.nte_IFN3","Seccion_Domi.nte_sp1.y","Seccion_Domi.nte_sp2.y","h_max_sp1.y","h_max_sp2.y","h_min_sp1.y","h_min_sp2.y","h_media_sp1.y","h_media_sp2.y","Ho_IFN3","Ho_sp1.y","Ho_sp2.y","d_copa_IFN3","d_medio_copa_sp1.y","d_medio_copa_sp2.y","Do_copa_IFN3","Do_copa_sp1.y","Do_copa_sp2.y","FCC_IFN3","FCC_sp1.y","FCC_sp2.y","Esbeltez_(hq/dq).y","Esbeltez_(h100/d100).y","SDI_IFN3","SDI_sp1.y","SDI_sp2.y","SDImax.y","SDImax_sp1.y","SDImax_sp2.y","Hart_IFN3","Hart_tresbolillo_IFN3","SI_IFN3","VOB_IFN3","VUB_IFN3","VBARK_IFN3","V_muerto_IFN3.x","V_incorporado_IFN3.x","V_sp1.y","Bole_V_sp1.y","Bark_V_sp1.y","V_sp2.y","Bole_V_sp2.y","Bark_V_sp2.y","V_sierra_gruesa_IFN3","V_sierra_IFN3","V_sierra_canter_IFN3","V_trituracion_IFN3","V_desenrollo_sp1.y","V_chapa_sp1.y","V_sierra_gruesa_sp1.y","V_sierra_sp1.y","V_sierra_canter_sp1.y","V_postes_sp1.y","V_estacas_sp1.y","V_trituracion_sp1.y","V_desenrollo_sp2.y","V_chapa_sp2.y","V_sierra_gruesa_sp2.y","V_sierra_sp2.y","V_sierra_canter_sp2.y","V_postes_sp2.y","V_estacas_sp2.y","V_trituracion_sp2.y","WSW_IFN3","WB2_t_IFN3","WTBL_IFN3","WR_IFN3","WT_IFN3","WT_muerta_IFN3.x","WT_incorporada_IFN3.x","WSW_sp1.y","WSB_sp1.y","WSWB_sp1.y","WTHICKB_sp1.y","WSTB_sp1.y","WB2_7_sp1.y","WB_2_T_sp1.y","WTHINB_sp1.y","WB05_sp1.y","WB05_7_sp1.y","WB0_2_sp1.y","WDB_sp1.y","WL_sp1.y","WTBL_sp1.y","WBL0_7_sp1.y","WR_sp1.y","WT_sp1.y","WSW_sp2.y","WSB_sp2.y","WSWB_sp2.y","WTHICKB_sp2.y","WSTB_sp2.y","WB2_7_sp2.y","WB_2_T_sp2.y","WTHINB_sp2.y","WB05_sp2.y","WB05_7_sp2.y","WB0_2_sp2.y","WDB_sp2.y","WL_sp2.y","WTBL_sp2.y","WBL0_7_sp2.y","WR_sp2.y","WT_sp2.y","W_descorchado.y","V_descorchado.y","G_incorporada_IFN3.y","N_incorporado_IFN3.y","V_incorporado_IFN3.y","WT_incorporada_IFN3.y","G_cortada_IFN3","N_cortado_IFN3","V_cortado_IFN3","WT_cortada_IFN3","G_muerta_IFN3.y","N_muerto_IFN3.y","V_muerto_IFN3.y","WT_muerta_IFN3.y"
"1","16_2992","Nodo 3 - Pies inventariados","IFN2",.,.,.,.,.,.,.,.,.,.,20,.,.,51.07,.,.,0,0,3.82,.,.,.,.,.,.,.,.,.,0,.,.,.,.,.,.,30.86,.,.,30.36,.,.,747.77,.,.,.,.,.,.,.,.,10.88,.,.,4.6,.,.,4.63,.,.,0.08,.,.,35.83,35.83,71.96,.,.,.,.,.,128.65,138.24,27.76,14.98,10.19,4.79,0,0,.,.,.,.,.,.,0,2.67,8.83,13.99,.,.,.,.,.,.,.,.,.,.,.,.,.,.,.,.,6.92,0.7,1.47,2.6,11.68,.,0,.,.,.,.,.,.,.,.,.,.,.,.,.,.,.,.,.,.,.,.,.,.,.,.,.,.,.,.,.,.,.,.,.,.,.,.,"Nodo 1 - Pies inventariados",25,"IFN3",.,.,.,.,.,.,.,.,.,.,20,.,.,178.4,.,.,0,0,3.09,.,.,.,.,.,.,.,.,.,.,.,.,.,.,.,.,14.86,.,.,15.72,.,.,260.05,.,.,.,.,.,.,.,.,6.29,.,.,3.17,.,.,3.22,.,.,0.04,.,.,39.75,40.04,76.44,.,.,.,.,.,118.98,127.85,16.85,6.1,4.04,2.06,.,.,.,.,.,.,.,.,0,0,2.48,5.58,.,.,.,.,.,.,.,.,.,.,.,.,.,.,.,.,2.8,0.22,0.61,0.92,4.55,.,.,.,.,.,.,.,.,.,.,.,.,.,.,.,.,.,.,.,.,.,.,.,.,.,.,.,.,.,.,.,.,.,.,.,.,.,.,0.80097012,127.32,0,0,.,.,.,.,.,.,.,.
"2","19_1047","Nodo 3 - Pies inventariados","IFN2",.,.,.,.,.,.,.,.,.,.,35,.,.,1171.89,.,.,0,156.83,36.78,.,.,.,.,.,.,.,.,.,5.67,.,.,.,.,.,.,19.99,.,.,28.24,.,.,632.37,.,.,.,.,.,.,.,.,8.97,.,.,2.94,.,.,2.99,.,.,0.83,.,.,41.92,31.78,814.15,.,.,.,.,.,32.55,34.98,16.89,142.77,94.18,48.59,0,21.23,.,.,.,.,.,.,0,0,53.72,129.17,.,.,.,.,.,.,.,.,.,.,.,.,.,.,.,.,68.11,5.82,15.97,24.11,114.01,.,13.01,.,.,.,.,.,.,.,.,.,.,.,.,.,.,.,.,.,.,.,.,.,.,.,.,.,.,.,.,.,.,.,.,.,.,.,.,"Nodo 1 - Pies inventariados",25,"IFN3",.,.,.,.,.,.,.,.,.,.,35,.,.,657.84,.,.,0,0,18.72,.,.,.,.,.,.,.,.,.,.,.,.,.,.,.,.,19.03,.,.,25.68,.,.,525.83,.,.,.,.,.,.,.,.,8.54,.,.,2.91,.,.,2.96,.,.,0.45,.,.,39.03,33.25,421.94,.,.,.,.,.,45.66,49.06,16.08,66.59,43.73,22.86,.,.,.,.,.,.,.,.,0,0,14.2,59.84,.,.,.,.,.,.,.,.,.,.,.,.,.,.,.,.,32.58,2.81,8.01,11.82,55.22,.,.,.,.,.,.,.,.,.,.,.,.,.,.,.,.,.,.,.,.,.,.,.,.,.,.,.,.,.,.,.,.,.,.,.,.,.,.,4.42772865,187.45,15.2922489,12.4180695,0,0,0,0,.,.,.,.
"3","19_1051","Nodo 3 - Pies inventariados","IFN2",.,.,.,.,.,.,.,.,.,.,30,.,.,658.51,.,.,0,120.92,26.17,.,.,.,.,.,.,.,.,.,4.87,.,.,.,.,.,.,22.5,.,.,27.91,.,.,614.02,.,.,.,.,.,.,.,.,8.95,.,.,3.4,.,.,3.43,.,.,0.61,.,.,36.47,32.08,554.48,.,.,.,.,.,43.52,46.77,19.14,100.52,66.81,33.72,0,18.03,.,.,.,.,.,.,0,0,50.14,91.7,.,.,.,.,.,.,.,.,.,.,.,.,.,.,.,.,48.95,4.59,11.73,18.49,83.76,.,10.81,.,.,.,.,.,.,.,.,.,.,.,.,.,.,.,.,.,.,.,.,.,.,.,.,.,.,.,.,.,.,.,.,.,.,.,.,"Nodo 1 - Pies inventariados",25,"IFN3",.,.,.,.,.,.,.,.,.,.,30,.,.,481,.,.,0,0,15.98,.,.,.,.,.,.,.,.,.,.,.,.,.,.,.,.,20.57,.,.,25.56,.,.,516.25,.,.,.,.,.,.,.,.,8.65,.,.,3.18,.,.,3.22,.,.,0.39,.,.,34.34,33.86,349.95,.,.,.,.,.,52.7,56.63,17.26,55.06,36.35,18.71,.,.,.,.,.,.,.,.,0,0,23.78,49.21,.,.,.,.,.,.,.,.,.,.,.,.,.,.,.,.,27.52,2.58,6.98,10.62,47.7,.,.,.,.,.,.,.,.,.,.,.,.,.,.,.,.,.,.,.,.,.,.,.,.,.,.,.,.,.,.,.,.,.,.,.,.,.,.,3.3719369,106.11,13.1554819,10.829103,0,0,0,0,.,.,.,.
"4","19_1052","Nodo 3 - Pies inventariados","IFN2",.,.,.,.,.,.,.,.,.,.,35,.,.,2048.97,.,.,0,238.14,52.56,.,.,.,.,.,.,.,.,.,6.85,.,.,.,.,.,.,18.07,.,.,27.32,.,.,588.43,.,.,.,.,.,.,.,.,9.58,.,.,2.57,.,.,2.65,.,.,1.13,.,.,42.58,35.06,1207.7,.,.,.,.,.,23.07,24.79,18.16,197.96,130.03,67.93,0,26.14,.,.,.,.,.,.,0,0,61.57,178.05,.,.,.,.,.,.,.,.,.,.,.,.,.,.,.,.,94.39,7.68,22.27,32.48,156.81,.,15.39,.,.,.,.,.,.,.,.,.,.,.,.,.,.,.,.,.,.,.,.,.,.,.,.,.,.,.,.,.,.,.,.,.,.,.,.,"Nodo 1 - Pies inventariados",25,"IFN3",.,.,.,.,.,.,.,.,.,.,35,.,.,1145.92,.,.,0,0,25.86,.,.,.,.,.,.,.,.,.,.,.,.,.,.,.,.,16.95,.,.,25.95,.,.,536.95,.,.,.,.,.,.,.,.,7.71,.,.,2.48,.,.,2.62,.,.,0.62,.,.,37.51,29.7,608.51,.,.,.,.,.,38.34,41.19,15.17,81.08,52.98,28.11,.,.,.,.,.,.,.,.,0,2.51,27.15,71.32,.,.,.,.,.,.,.,.,.,.,.,.,.,.,.,.,41.24,3.77,10.91,15.89,71.8,.,.,.,.,.,.,.,.,.,.,.,.,.,.,.,.,.,.,.,.,.,.,.,.,.,.,.,.,.,.,.,.,.,.,.,.,.,.,4.64611932,201.6,13.758169,12.4377362,0,0,0,0,.,.,.,.
"5","19_1062","Nodo 3 - Pies inventariados","IFN2",.,.,.,.,.,.,.,.,.,.,30,.,.,1215.4,.,.,0,196.8,29.02,.,.,.,.,.,.,.,.,.,4.82,.,.,.,.,.,.,17.44,.,.,23.56,.,.,436.35,.,.,.,.,.,.,.,.,9.74,.,.,2.6,.,.,2.65,.,.,0.67,.,.,44.57,41.35,675.73,.,.,.,.,.,29.45,31.64,19.44,109.35,71.49,37.86,0,18.61,.,.,.,.,.,.,0,0,33.95,98.33,.,.,.,.,.,.,.,.,.,.,.,.,.,.,.,.,51.67,3.94,12.07,17.08,84.76,.,9.5,.,.,.,.,.,.,.,.,.,.,.,.,.,.,.,.,.,.,.,.,.,.,.,.,.,.,.,.,.,.,.,.,.,.,.,.,"Nodo 1 - Pies inventariados",25,"IFN3",.,.,.,.,.,.,.,.,.,.,30,.,.,622.47,.,.,0,0,17.83,.,.,.,.,.,.,.,.,.,.,.,.,.,.,.,.,19.09,.,.,25.05,.,.,493.12,.,.,.,.,.,.,.,.,8.4,.,.,2.92,.,.,2.97,.,.,0.43,.,.,39.34,33.53,401.32,.,.,.,.,.,47.73,51.29,17.47,64.04,42.06,21.98,.,.,.,.,.,.,.,.,0,0,18.46,57.37,.,.,.,.,.,.,.,.,.,.,.,.,.,.,.,.,31.22,2.66,7.62,11.23,52.74,.,.,.,.,.,.,.,.,.,.,.,.,.,.,.,.,.,.,.,.,.,.,.,.,.,.,.,.,.,.,.,.,.,.,.,.,.,.,10.1691498,392.58,36.0172099,29.3477763,0,0,0,0,.,.,.,.
"6","19_1064","Nodo 3 - Pies inventariados","IFN2",.,.,.,.,.,.,.,.,.,.,35,.,.,1178.67,.,.,0,163.61,41.29,.,.,.,.,.,.,.,.,.,5.37,.,.,.,.,.,.,21.12,.,.,26.97,.,.,573.2,.,.,.,.,.,.,.,.,9.69,.,.,3.05,.,.,3.11,.,.,0.9,.,.,43.53,35.91,895.48,.,.,.,.,.,30.07,32.32,18.33,178.71,118.72,59.99,0,22.22,.,.,.,.,.,.,0,0,85.87,163.52,.,.,.,.,.,.,.,.,.,.,.,.,.,.,.,.,82.66,6.89,18.23,28.13,135.91,.,12.51,.,.,.,.,.,.,.,.,.,.,.,.,.,.,.,.,.,.,.,.,.,.,.,.,.,.,.,.,.,.,.,.,.,.,.,.,"Nodo 1 - Pies inventariados",25,"IFN3",.,.,.,.,.,.,.,.,.,.,35,.,.,495.15,.,.,0,0,16.2,.,.,.,.,.,.,.,.,.,.,.,.,.,.,.,.,20.41,.,.,26.88,.,.,571.22,.,.,.,.,.,.,.,.,10.5,.,.,3.52,.,.,3.57,.,.,0.37,.,.,45.85,39.07,355.76,.,.,.,.,.,42.8,45.99,18.31,72.77,48.73,24.04,.,.,.,.,.,.,.,.,0,2.27,43.14,67.53,.,.,.,.,.,.,.,.,.,.,.,.,.,.,.,.,33.25,2.89,7.1,11.44,54.68,.,.,.,.,.,.,.,.,.,.,.,.,.,.,.,.,.,.,.,.,.,.,.,.,.,.,.,.,.,.,.,.,.,.,.,.,.,.,8.2724509,318.33,35.5788436,26.6098205,0,0,0,0,.,.,.,.
"7","19_1065","Nodo 3 - Pies inventariados","IFN2",.,.,.,.,.,.,.,.,.,.,30,.,.,674.75,.,.,0,197.28,17.38,.,.,.,.,.,.,.,.,.,4.87,.,.,.,.,.,.,18.11,.,.,22.89,.,.,412.19,.,.,.,.,.,.,.,.,10.14,.,.,2.75,.,.,2.79,.,.,0.41,.,.,51.65,44.31,399.13,.,.,.,.,.,37.96,40.79,19.44,77.22,50.72,26.5,0,21.05,.,.,.,.,.,.,0,0,28.98,70.66,.,.,.,.,.,.,.,.,.,.,.,.,.,.,.,.,34.47,2.4,7.28,10.38,54.53,.,9.49,.,.,.,.,.,.,.,.,.,.,.,.,.,.,.,.,.,.,.,.,.,.,.,.,.,.,.,.,.,.,.,.,.,.,.,.,"Nodo 1 - Pies inventariados",25,"IFN3",.,.,.,.,.,.,.,.,.,.,30,.,.,1641.06,.,.,0,0,27.32,.,.,.,.,.,.,.,.,.,.,.,.,.,.,.,.,14.56,.,.,25.31,.,.,505.31,.,.,.,.,.,.,.,.,11.28,.,.,2.38,.,.,2.53,.,.,0.52,.,.,53.24,44.56,680.16,.,.,.,.,.,21.89,23.52,20.87,104.11,68.63,35.48,.,.,.,.,.,.,.,.,0,0,44.37,94.45,.,.,.,.,.,.,.,.,.,.,.,.,.,.,.,.,46.22,3.31,9.65,14.03,73.22,.,.,.,.,.,.,.,.,.,.,.,.,.,.,.,.,.,.,.,.,.,.,.,.,.,.,.,.,.,.,.,.,.,.,.,.,.,.,17.88565586,1135.29,71.4777127,49.9619549,0,0,0,0,.,.,.,.
"8","19_1067","Nodo 3 - Pies inventariados","IFN2",.,.,.,.,.,.,.,.,.,.,35,.,.,1640.64,.,.,0,208.25,43.41,.,.,.,.,.,.,.,.,.,6.58,.,.,.,.,.,.,18.35,.,.,27.02,.,.,573.63,.,.,.,.,.,.,.,.,8.84,.,.,2.68,.,.,2.74,.,.,0.96,.,.,40.69,32.72,991.72,.,.,.,.,.,27.92,30.01,16.8,155.21,101.71,53.5,0,23.72,.,.,.,.,.,.,0,0,48.67,139.13,.,.,.,.,.,.,.,.,.,.,.,.,.,.,.,.,75.38,6.28,18.37,26.69,126.72,.,14.54,.,.,.,.,.,.,.,.,.,.,.,.,.,.,.,.,.,.,.,.,.,.,.,.,.,.,.,.,.,.,.,.,.,.,.,.,"Nodo 1 - Pies inventariados",25,"IFN3",.,.,.,.,.,.,.,.,.,.,35,.,.,541.13,.,.,0,0,18.48,.,.,.,.,.,.,.,.,.,.,.,.,.,.,.,.,20.85,.,.,24.84,.,.,485.5,.,.,.,.,.,.,.,.,8,.,.,3.21,.,.,3.25,.,.,0.45,.,.,35.41,32.23,402.64,.,.,.,.,.,53.7,57.71,15.54,64.5,42.55,21.96,.,.,.,.,.,.,.,.,0,0,29.84,58.29,.,.,.,.,.,.,.,.,.,.,.,.,.,.,.,.,32.15,2.98,8.09,12.31,55.53,.,.,.,.,.,.,.,.,.,.,.,.,.,.,.,.,.,.,.,.,.,.,.,.,.,.,.,.,.,.,.,.,.,.,.,.,.,.,4.82697839,134.41,17.3430484,15.0213942,0,0,0,0,.,.,.,.
"9","19_1074","Nodo 3 - Pies inventariados","IFN2",.,.,.,.,.,.,.,.,.,.,30,.,.,633.53,.,.,0,156.06,18.49,.,.,.,.,.,.,.,.,.,4.31,.,.,.,.,.,.,19.28,.,.,24.35,.,.,466.44,.,.,.,.,.,.,.,.,7.49,.,.,2.97,.,.,3.02,.,.,0.46,.,.,33.76,30.75,414.75,.,.,.,.,.,53.06,57.02,16.32,57.59,37.73,19.86,0,13.15,.,.,.,.,.,.,0,0,17.87,51.31,.,.,.,.,.,.,.,.,.,.,.,.,.,.,.,.,29.59,2.79,7.93,11.74,52.06,.,8.02,.,.,.,.,.,.,.,.,.,.,.,.,.,.,.,.,.,.,.,.,.,.,.,.,.,.,.,.,.,.,.,.,.,.,.,.,"Nodo 1 - Pies inventariados",25,"IFN3",.,.,.,.,.,.,.,.,.,.,30,.,.,717.97,.,.,0,0,21.46,.,.,.,.,.,.,.,.,.,.,.,.,.,.,.,.,19.51,.,.,24.81,.,.,485.86,.,.,.,.,.,.,.,.,7.51,.,.,3,.,.,3.04,.,.,0.52,.,.,32.82,30.27,479.36,.,.,.,.,.,49.7,53.41,16.28,66.21,43.38,22.83,.,.,.,.,.,.,.,.,0,0,18.15,58.21,.,.,.,.,.,.,.,.,.,.,.,.,.,.,.,.,34.17,3.24,9.22,13.64,60.27,.,.,.,.,.,.,.,.,.,.,.,.,.,.,.,.,.,.,.,.,.,.,.,.,.,.,.,.,.,.,.,.,.,.,.,.,.,.,10.78106303,389.05,33.4389841,29.9619161,.,.,.,.,.,.,.,.
"10","19_2185","Nodo 3 - Pies inventariados","IFN2",.,.,.,.,.,.,.,.,.,.,21,.,.,613.6,.,.,0,104.31,11.36,.,.,.,.,.,.,.,.,.,1.7,.,.,.,.,.,.,15.35,.,.,15.59,.,.,190.88,.,.,.,.,.,.,.,.,7.12,.,.,2.44,.,.,2.44,.,.,0.29,.,.,45.1,45.65,277.24,.,.,.,.,.,56.73,60.96,21.05,37.89,24.36,13.53,0,5.42,.,.,.,.,.,.,0,0,0,33.15,.,.,.,.,.,.,.,.,.,.,.,.,.,.,.,.,18.21,1.24,4.47,5.77,29.7,.,2.18,.,.,.,.,.,.,.,.,.,.,.,.,.,.,.,.,.,.,.,.,.,.,.,.,.,.,.,.,.,.,.,.,.,.,.,.,"Nodo 1 - Pies inventariados",25,"IFN3",.,.,.,.,.,.,.,.,.,.,20,.,.,222.82,.,.,0,0,2.83,.,.,.,.,.,.,.,.,.,.,.,.,.,.,.,.,12.72,.,.,13.26,.,.,138.18,.,.,.,.,.,.,.,.,6.78,.,.,2.1,.,.,2.1,.,.,0.08,.,.,53.56,51.13,74.16,.,.,.,.,.,98.8,106.17,19.52,9.41,5.97,3.44,.,.,.,.,.,.,.,.,0,0,0,8.18,.,.,.,.,.,.,.,.,.,.,.,.,.,.,.,.,4.4,0.25,1.05,1.24,6.94,.,.,.,.,.,.,.,.,.,.,.,.,.,.,.,.,.,.,.,.,.,.,.,.,.,.,.,.,.,.,.,.,.,.,.,.,.,.,.,.,.,.,.,.,.,.,.,.,.,.
"11","19_2197","Nodo 3 - Pies inventariados","IFN2",.,.,.,.,.,.,.,.,.,.,31,.,.,272.4,.,.,0,46.05,16.41,.,.,.,.,.,.,.,.,.,1.6,.,.,.,.,.,.,27.69,.,.,32.04,.,.,807.72,.,.,.,.,.,.,.,.,9.67,.,.,4.2,.,.,4.27,.,.,0.39,.,.,33.46,30.19,321.82,.,.,.,.,.,62.63,67.3,19.99,70.61,47.83,22.78,0,5.78,.,.,.,.,.,.,0,11.11,35.22,65.25,.,.,.,.,.,.,.,.,.,.,.,.,.,.,.,.,34.12,3.7,7.89,13.83,59.54,.,3.33,.,.,.,.,.,.,.,.,.,.,.,.,.,.,.,.,.,.,.,.,.,.,.,.,.,.,.,.,.,.,.,.,.,.,.,.,"Nodo 1 - Pies inventariados",25,"IFN3",.,.,.,.,.,.,.,.,.,.,30,.,.,173.3,.,.,0,0,10.53,.,.,.,.,.,.,.,.,.,.,.,.,.,.,.,.,27.82,.,.,31.25,.,.,769.41,.,.,.,.,.,.,.,.,9.63,.,.,4.28,.,.,4.36,.,.,0.26,.,.,31.93,30.83,206.21,.,.,.,.,.,78.86,84.74,18.91,44.24,29.99,14.25,.,.,.,.,.,.,.,.,0,10.04,20.73,40.88,.,.,.,.,.,.,.,.,.,.,.,.,.,.,.,.,21.63,2.41,5.08,8.97,38.09,.,.,.,.,.,.,.,.,.,.,.,.,.,.,.,.,.,.,.,.,.,.,.,.,.,.,.,.,.,.,.,.,.,.,.,.,.,.,.,.,.,.,.,.,.,.,.,.,.,.
"12","19_2200","Nodo 3 - Pies inventariados","IFN2",.,.,.,.,.,.,.,.,.,.,21,.,.,928.96,.,.,0,196.85,22.78,.,.,.,.,.,.,.,.,.,5,.,.,.,.,.,.,17.67,.,.,23.64,.,.,440.21,.,.,.,.,.,.,.,.,9.08,.,.,2.69,.,.,2.73,.,.,0.54,.,.,40.3,38.4,527.76,.,.,.,.,.,36.15,38.84,24.44,80.26,52.47,27.8,0,18.1,.,.,.,.,.,.,0,0,24.08,72.22,.,.,.,.,.,.,.,.,.,.,.,.,.,.,.,.,38.89,3.12,9.5,13.49,65,.,8.89,.,.,.,.,.,.,.,.,.,.,.,.,.,.,.,.,.,.,.,.,.,.,.,.,.,.,.,.,.,.,.,.,.,.,.,.,"Nodo 1 - Pies inventariados",25,"IFN3",.,.,.,.,.,.,.,.,.,.,20,.,.,523.44,.,.,0,0,9.77,.,.,.,.,.,.,.,.,.,.,.,.,.,.,.,.,15.42,.,.,19.95,.,.,313.84,.,.,.,.,.,.,.,.,9.92,.,.,2.36,.,.,2.42,.,.,0.24,.,.,58.07,49.74,238.12,.,.,.,.,.,44.05,47.34,23.6,43.33,28.23,15.1,.,.,.,.,.,.,.,.,0,0,12.12,38.71,.,.,.,.,.,.,.,.,.,.,.,.,.,.,.,.,18.95,1.18,3.92,5.27,29.32,.,.,.,.,.,.,.,.,.,.,.,.,.,.,.,.,.,.,.,.,.,.,.,.,.,.,.,.,.,.,.,.,.,.,.,.,.,.,.,.,.,.,.,.,.,.,.,.,.,.
"13","19_241","Nodo 3 - Pies inventariados","IFN2",.,.,.,.,.,.,.,.,.,.,30,.,.,827.17,.,.,0,158.72,18.76,.,.,.,.,.,.,.,.,.,2.91,.,.,.,.,.,.,16.99,.,.,21.78,.,.,372.79,.,.,.,.,.,.,.,.,10.8,.,.,2.58,.,.,2.62,.,.,0.44,.,.,51.6,49.58,440.95,.,.,.,.,.,32.19,34.59,20.49,79.97,52.28,27.69,0,11.42,.,.,.,.,.,.,0,0,17.27,72.32,.,.,.,.,.,.,.,.,.,.,.,.,.,.,.,.,35.87,2.41,7.7,10.65,56.63,.,4.67,.,.,.,.,.,.,.,.,.,.,.,.,.,.,.,.,.,.,.,.,.,.,.,.,.,.,.,.,.,.,.,.,.,.,.,.,"Nodo 1 - Pies inventariados",25,"IFN3",.,.,.,.,.,.,.,.,.,.,30,.,.,891.27,.,.,0,0,18.32,.,.,.,.,.,.,.,.,.,.,.,.,.,.,.,.,16.18,.,.,21.63,.,.,367.79,.,.,.,.,.,.,.,.,10.5,.,.,2.44,.,.,2.49,.,.,0.43,.,.,55.36,48.53,438.7,.,.,.,.,.,31.9,34.28,20.08,80.61,52.63,27.98,.,.,.,.,.,.,.,.,0,0,19.34,73.3,.,.,.,.,.,.,.,.,.,.,.,.,.,.,.,.,35.56,2.29,7.45,10.16,55.46,.,.,.,.,.,.,.,.,.,.,.,.,.,.,.,.,.,.,.,.,.,.,.,.,.,.,.,.,.,.,.,.,.,.,.,.,.,.,10.37883993,604.77,43.7748441,29.8094316,.,.,.,.,.,.,.,.
"14","19_242","Nodo 3 - Pies inventariados","IFN2",.,.,.,.,.,.,.,.,.,.,30,.,.,148.16,.,.,0,84.49,6.22,.,.,.,.,.,.,.,.,.,3.17,.,.,.,.,.,.,23.13,.,.,24.34,.,.,470.14,.,.,.,.,.,.,.,.,10.21,.,.,3.64,.,.,3.66,.,.,0.16,.,.,43.01,41.94,130.51,.,.,.,.,.,80.48,86.48,18.71,28.9,19.32,9.57,0,13.97,.,.,.,.,.,.,0,0,18.34,26.56,.,.,.,.,.,.,.,.,.,.,.,.,.,.,.,.,13.18,1.12,2.81,4.47,21.57,.,6.56,.,.,.,.,.,.,.,.,.,.,.,.,.,.,.,.,.,.,.,.,.,.,.,.,.,.,.,.,.,.,.,.,.,.,.,.,"Nodo 1 - Pies inventariados",25,"IFN3",.,.,.,.,.,.,.,.,.,.,30,.,.,120.25,.,.,0,0,4.85,.,.,.,.,.,.,.,.,.,.,.,.,.,.,.,.,22.65,.,.,23.04,.,.,421.43,.,.,.,.,.,.,.,.,8.87,.,.,3.62,.,.,3.64,.,.,0.13,.,.,38.73,38.49,102.42,.,.,.,.,.,102.85,110.52,17.93,19.94,13.27,6.66,.,.,.,.,.,.,.,.,0,0,10.99,18.24,.,.,.,.,.,.,.,.,.,.,.,.,.,.,.,.,9.46,0.85,2.17,3.42,15.9,.,.,.,.,.,.,.,.,.,.,.,.,.,.,.,.,.,.,.,.,.,.,.,.,.,.,.,.,.,.,.,.,.,.,.,.,.,.,2.99118522,74.28,12.5948814,9.9002974,.,.,.,.,.,.,.,.
"15","19_248","Nodo 3 - Pies inventariados","IFN2",.,.,.,.,.,.,.,.,.,.,35,.,.,210.34,.,.,0,100.7,9.97,.,.,.,.,.,.,.,.,.,4.4,.,.,.,.,.,.,24.57,.,.,26.83,.,.,577.35,.,.,.,.,.,.,.,.,12.11,.,.,3.74,.,.,3.78,.,.,0.24,.,.,47.54,45.14,204.49,.,.,.,.,.,56.93,61.18,18.52,54.62,36.89,17.73,0,23.19,.,.,.,.,.,.,0,8.38,31.36,50.96,.,.,.,.,.,.,.,.,.,.,.,.,.,.,.,.,23.7,1.95,4.6,7.6,37.85,.,10.76,.,.,.,.,.,.,.,.,.,.,.,.,.,.,.,.,.,.,.,.,.,.,.,.,.,.,.,.,.,.,.,.,.,.,.,.,"Nodo 1 - Pies inventariados",25,"IFN3",.,.,.,.,.,.,.,.,.,.,35,.,.,113.18,.,.,0,0,6.71,.,.,.,.,.,.,.,.,.,.,.,.,.,.,.,.,27.47,.,.,27.67,.,.,613.45,.,.,.,.,.,.,.,.,10.15,.,.,4.28,.,.,4.32,.,.,0.17,.,.,37.7,36.69,131.97,.,.,.,.,.,92.6,99.5,18.21,32.76,22.26,10.49,.,.,.,.,.,.,.,.,0,5.62,18.59,30.43,.,.,.,.,.,.,.,.,.,.,.,.,.,.,.,.,14.99,1.49,3.21,5.58,25.27,.,.,.,.,.,.,.,.,.,.,.,.,.,.,.,.,.,.,.,.,.,.,.,.,.,.,.,.,.,.,.,.,.,.,.,.,.,.,3.1663738,56.6,13.925864,11.1998665,.,.,.,.,.,.,.,.
"16","19_259","Nodo 3 - Pies inventariados","IFN2",.,.,.,.,.,.,.,.,.,.,35,.,.,646.47,.,.,0,130.1,27.64,.,.,.,.,.,.,.,.,.,4.62,.,.,.,.,.,.,23.33,.,.,31.19,.,.,770.69,.,.,.,.,.,.,.,.,12.4,.,.,3.36,.,.,3.47,.,.,0.61,.,.,47.16,39.76,577.77,.,.,.,.,.,31.72,34.09,21.26,140.76,94.82,45.94,0,22.09,.,.,.,.,.,.,0,18.08,73.75,131.11,.,.,.,.,.,.,.,.,.,.,.,.,.,.,.,.,62.55,5.41,12.73,21.02,101.71,.,11.2,.,.,.,.,.,.,.,.,.,.,.,.,.,.,.,.,.,.,.,.,.,.,.,.,.,.,.,.,.,.,.,.,.,.,.,.,"Nodo 1 - Pies inventariados",25,"IFN3",.,.,.,.,.,.,.,.,.,.,35,.,.,456.24,.,.,0,0,22.97,.,.,.,.,.,.,.,.,.,.,.,.,.,.,.,.,25.32,.,.,32,.,.,814.84,.,.,.,.,.,.,.,.,12.5,.,.,3.7,.,.,3.79,.,.,0.51,.,.,44.78,39.05,465.72,.,.,.,.,.,37.47,40.26,20.69,120.73,81.77,38.95,.,.,.,.,.,.,.,.,0,18.86,65.11,112.83,.,.,.,.,.,.,.,.,.,.,.,.,.,.,.,.,53.59,4.82,10.79,18.35,87.55,.,.,.,.,.,.,.,.,.,.,.,.,.,.,.,.,.,.,.,.,.,.,.,.,.,.,.,.,.,.,.,.,.,.,.,.,.,.,7.83991981,173.33,41.3390234,29.1442349,0,0,0,0,.,.,.,.
"17","19_262","Nodo 3 - Pies inventariados","IFN2",.,.,.,.,.,.,.,.,.,.,40,.,.,1596.29,.,.,0,167.44,58.01,.,.,.,.,.,.,.,.,.,5.19,.,.,.,.,.,.,21.51,.,.,28.82,.,.,652.99,.,.,.,.,.,.,.,.,11.62,.,.,2.97,.,.,3.05,.,.,1.17,.,.,49.61,40.32,1249.55,.,.,.,.,.,21.54,23.14,19.04,290.8,194.34,96.47,0,24.76,.,.,.,.,.,.,0,5,158.86,269.49,.,.,.,.,.,.,.,.,.,.,.,.,.,.,.,.,128.07,10.07,25.86,40.61,204.61,.,13.26,.,.,.,.,.,.,.,.,.,.,.,.,.,.,.,.,.,.,.,.,.,.,.,.,.,.,.,.,.,.,.,.,.,.,.,.,"Nodo 1 - Pies inventariados",25,"IFN3",.,.,.,.,.,.,.,.,.,.,40,.,.,633.08,.,.,0,0,27.85,.,.,.,.,.,.,.,.,.,.,.,.,.,.,.,.,23.67,.,.,28.61,.,.,644.21,.,.,.,.,.,.,.,.,13.35,.,.,3.44,.,.,3.48,.,.,0.6,.,.,52.88,46.66,578.98,.,.,.,.,.,29.77,31.99,20.2,160.32,107.98,52.34,.,.,.,.,.,.,.,.,0,4.65,98.15,150.32,.,.,.,.,.,.,.,.,.,.,.,.,.,.,.,.,67.82,5.18,12.68,20.5,106.17,.,.,.,.,.,.,.,.,.,.,.,.,.,.,.,.,.,.,.,.,.,.,.,.,.,.,.,.,.,.,.,.,.,.,.,.,.,.,6.60110235,141.5,38.7731225,25.438021,0,0,0,0,.,.,.,.
"18","19_270","Nodo 3 - Pies inventariados","IFN2",.,.,.,.,.,.,.,.,.,.,35,.,.,91.96,.,.,0,0,6.76,.,.,.,.,.,.,.,.,.,0,.,.,.,.,.,.,30.6,.,.,30.39,.,.,735.59,.,.,.,.,.,.,.,.,12.62,.,.,4.71,.,.,4.74,.,.,0.16,.,.,41.55,41.55,127.84,.,.,.,.,.,82.6,88.76,20.71,38.94,26.71,12.23,0,0,.,.,.,.,.,.,0,10.71,21.34,36.62,.,.,.,.,.,.,.,.,.,.,.,.,.,.,.,.,17.15,1.67,3.34,6.08,28.25,.,0,.,.,.,.,.,.,.,.,.,.,.,.,.,.,.,.,.,.,.,.,.,.,.,.,.,.,.,.,.,.,.,.,.,.,.,.,"Nodo 1 - Pies inventariados",25,"IFN3",.,.,.,.,.,.,.,.,.,.,35,.,.,99.03,.,.,0,0,8.28,.,.,.,.,.,.,.,.,.,.,.,.,.,.,.,.,32.62,.,.,31.99,.,.,835.61,.,.,.,.,.,.,.,.,11.64,.,.,4.95,.,.,5.05,.,.,0.2,.,.,36.39,36.39,152.74,.,.,.,.,.,86.31,92.75,19.81,44.45,30.64,13.8,.,.,.,.,.,.,.,.,0,18.66,16.4,41.75,.,.,.,.,.,.,.,.,.,.,.,.,.,.,.,.,20.38,2.29,4.2,8.04,34.91,.,.,.,.,.,.,.,.,.,.,.,.,.,.,.,.,.,.,.,.,.,.,.,.,.,.,.,.,.,.,.,.,.,.,.,.,.,.,2.2740465,42.45,11.2290155,8.402553,.,.,.,.,.,.,.,.
"19","19_271","Nodo 3 - Pies inventariados","IFN2",.,.,.,.,.,.,.,.,.,.,35,.,.,1561.53,.,.,0,146.83,59.68,.,.,.,.,.,.,.,.,.,4.87,.,.,.,.,.,.,22.06,.,.,30.32,.,.,722.46,.,.,.,.,.,.,.,.,13.76,.,.,2.98,.,.,3.06,.,.,1.15,.,.,61.07,45.4,1273.6,.,.,.,.,.,18.39,19.76,23.37,370.58,249.34,121.25,0,29.07,.,.,.,.,.,.,0,23.08,215.46,347.57,.,.,.,.,.,.,.,.,.,.,.,.,.,.,.,.,151.55,10.7,26.84,42.72,231.81,.,13.65,.,.,.,.,.,.,.,.,.,.,.,.,.,.,.,.,.,.,.,.,.,.,.,.,.,.,.,.,.,.,.,.,.,.,.,.,"Nodo 1 - Pies inventariados",25,"IFN3",.,.,.,.,.,.,.,.,.,.,35,.,.,445.63,.,.,0,0,24.72,.,.,.,.,.,.,.,.,.,.,.,.,.,.,.,.,26.58,.,.,32.14,.,.,814.07,.,.,.,.,.,.,.,.,15.77,.,.,3.77,.,.,3.84,.,.,0.52,.,.,57.78,49.06,492.28,.,.,.,.,.,30.04,32.28,23.98,171.48,117.12,54.36,.,.,.,.,.,.,.,.,0,36.12,105.83,162.25,.,.,.,.,.,.,.,.,.,.,.,.,.,.,.,.,69.19,5.36,11.75,20.26,106.56,.,.,.,.,.,.,.,.,.,.,.,.,.,.,.,.,.,.,.,.,.,.,.,.,.,.,.,.,.,.,.,.,.,.,.,.,.,.,7.28562275,141.5,49.4968415,30.3946245,0,0,0,0,.,.,.,.
"20","19_274","Nodo 3 - Pies inventariados","IFN2",.,.,.,.,.,.,.,.,.,.,35,.,.,583.45,.,.,0,98.91,27.29,.,.,.,.,.,.,.,.,.,4.01,.,.,.,.,.,.,24.4,.,.,29.02,.,.,661.92,.,.,.,.,.,.,.,.,11.54,.,.,3.61,.,.,3.65,.,.,0.61,.,.,41.65,39.77,560.88,.,.,.,.,.,35.87,38.55,20.59,130.05,87.45,42.6,0,18.1,.,.,.,.,.,.,0,5.34,75.67,120.88,.,.,.,.,.,.,.,.,.,.,.,.,.,.,.,.,59.27,5.26,12.55,20.6,97.69,.,9.64,.,.,.,.,.,.,.,.,.,.,.,.,.,.,.,.,.,.,.,.,.,.,.,.,.,.,.,.,.,.,.,.,.,.,.,.,"Nodo 1 - Pies inventariados",25,"IFN3",.,.,.,.,.,.,.,.,.,.,35,.,.,311.24,.,.,0,0,22.24,.,.,.,.,.,.,.,.,.,.,.,.,.,.,.,.,30.16,.,.,33.77,.,.,897.8,.,.,.,.,.,.,.,.,12.56,.,.,4.47,.,.,4.5,.,.,0.5,.,.,39.42,37.18,422.58,.,.,.,.,.,45.14,48.51,20.62,120.08,82.13,37.95,.,.,.,.,.,.,.,.,0,32.81,63.37,112.62,.,.,.,.,.,.,.,.,.,.,.,.,.,.,.,.,53.97,5.37,10.91,19.72,89.98,.,.,.,.,.,.,.,.,.,.,.,.,.,.,.,.,.,.,.,.,.,.,.,.,.,.,.,.,.,.,.,.,.,.,.,.,.,.,11.45047715,169.8,61.1383295,45.566679,0,0,0,0,.,.,.,.
"21","19_561","Nodo 3 - Pies inventariados","IFN2",.,.,.,.,.,.,.,.,.,.,45,.,.,234.56,.,.,0,0,25.38,.,.,.,.,.,.,.,.,.,0,.,.,.,.,.,.,37.11,.,.,43.83,.,.,1528,.,.,.,.,.,.,.,.,14.57,.,.,5.32,.,.,5.43,.,.,0.54,.,.,35.22,33.24,446.46,.,.,.,.,.,44.81,48.15,20.85,153.93,107.69,46.25,0,0,.,.,.,.,.,.,9.54,96.25,39.14,145.62,.,.,.,.,.,.,.,.,.,.,.,.,.,.,.,.,68.77,8.23,13.47,27.57,118.04,.,0,.,.,.,.,.,.,.,.,.,.,.,.,.,.,.,.,.,.,.,.,.,.,.,.,.,.,.,.,.,.,.,.,.,.,.,.,"Nodo 1 - Pies inventariados",25,"IFN3",.,.,.,.,.,.,.,.,.,.,45,.,.,151.23,.,.,0,0,13.28,.,.,.,.,.,.,.,.,.,.,.,.,.,.,.,.,33.44,.,.,37.03,.,.,1116.65,.,.,.,.,.,.,.,.,13.73,.,.,4.87,.,.,5.04,.,.,0.3,.,.,40.57,37.06,242.91,.,.,.,.,.,59.25,63.66,19.43,80.38,55.83,24.55,.,.,.,.,.,.,.,.,6.3,44.39,24.2,75.81,.,.,.,.,.,.,.,.,.,.,.,.,.,.,.,.,35.61,4,6.89,13.66,60.16,.,.,.,.,.,.,.,.,.,.,.,.,.,.,.,.,.,.,.,.,.,.,.,.,.,.,.,.,.,.,.,.,.,.,.,.,.,.,1.78758764,10.18,10.5210809,8.8725317,0,0,0,0,1.19897244,31.83,6.222765,4.2286155
"22","19_564","Nodo 3 - Pies inventariados","IFN2",.,.,.,.,.,.,.,.,.,.,25,.,.,80.97,.,.,0,49.14,4.04,.,.,.,.,.,.,.,.,.,2.09,.,.,.,.,.,.,25.2,.,.,25.2,.,.,498.82,.,.,.,.,.,.,.,.,8.94,.,.,4.07,.,.,4.07,.,.,0.11,.,.,35.48,35.48,82.03,.,.,.,.,.,124.28,133.55,20.5,16.67,11.17,5.5,0,7.95,.,.,.,.,.,.,0,0,8.26,15.11,.,.,.,.,.,.,.,.,.,.,.,.,.,.,.,.,8.02,0.78,1.86,3.06,13.72,.,3.99,.,.,.,.,.,.,.,.,.,.,.,.,.,.,.,.,.,.,.,.,.,.,.,.,.,.,.,.,.,.,.,.,.,.,.,.,"Nodo 1 - Pies inventariados",25,"IFN3",.,.,.,.,.,.,.,.,.,.,25,.,.,42.44,.,.,0,0,2.22,.,.,.,.,.,.,.,.,.,.,.,.,.,.,.,.,25.8,.,.,25.75,.,.,522.78,.,.,.,.,.,.,.,.,7.83,.,.,4.25,.,.,4.26,.,.,0.06,.,.,30.42,30.42,44.68,.,.,.,.,.,195.96,210.57,18.65,8.05,5.39,2.66,.,.,.,.,.,.,.,.,0,0,4.32,7.35,.,.,.,.,.,.,.,.,.,.,.,.,.,.,.,.,4.08,0.44,1.03,1.72,7.27,.,.,.,.,.,.,.,.,.,.,.,.,.,.,.,.,.,.,.,.,.,.,.,.,.,.,.,.,.,.,.,.,.,.,.,.,.,.,1.34791485,28.3,4.849205,4.3170235,.,.,.,.,.,.,.,.
"23","19_568","Nodo 3 - Pies inventariados","IFN2",.,.,.,.,.,.,.,.,.,.,30,.,.,1200.48,.,.,0,213.71,33.22,.,.,.,.,.,.,.,.,.,6.61,.,.,.,.,.,.,18.77,.,.,26.26,.,.,541.77,.,.,.,.,.,.,.,.,7.31,.,.,2.8,.,.,2.85,.,.,0.77,.,.,39.96,27.83,752.61,.,.,.,.,.,39.49,42.43,17.75,116.94,76.59,40.35,0,21.27,.,.,.,.,.,.,0,0,31.54,104.62,.,.,.,.,.,.,.,.,.,.,.,.,.,.,.,.,57.21,4.86,14.12,20.6,96.78,.,13.32,.,.,.,.,.,.,.,.,.,.,.,.,.,.,.,.,.,.,.,.,.,.,.,.,.,.,.,.,.,.,.,.,.,.,.,.,"Nodo 1 - Pies inventariados",25,"IFN3",.,.,.,.,.,.,.,.,.,.,30,.,.,1036.28,.,.,0,0,27.51,.,.,.,.,.,.,.,.,.,.,.,.,.,.,.,.,18.39,.,.,24.91,.,.,488.73,.,.,.,.,.,.,.,.,8.21,.,.,2.76,.,.,2.81,.,.,0.64,.,.,42.09,32.97,628.13,.,.,.,.,.,37.83,40.65,17.25,100.59,65.85,34.74,.,.,.,.,.,.,.,.,0,0,24.79,89.92,.,.,.,.,.,.,.,.,.,.,.,.,.,.,.,.,48.34,3.91,11.6,16.74,80.59,.,.,.,.,.,.,.,.,.,.,.,.,.,.,.,.,.,.,.,.,.,.,.,.,.,.,.,.,.,.,.,.,.,.,.,.,.,.,11.85104317,484.54,44.4864502,34.7831396,.,.,.,.,.,.,.,.
"24","19_578","Nodo 3 - Pies inventariados","IFN2",.,.,.,.,.,.,.,.,.,.,35,.,.,878.56,.,.,0,210.11,26.16,.,.,.,.,.,.,.,.,.,6.47,.,.,.,.,.,.,19.47,.,.,27.33,.,.,587.57,.,.,.,.,.,.,.,.,12.59,.,.,2.81,.,.,2.91,.,.,0.58,.,.,53.16,46.08,584.78,.,.,.,.,.,26.79,28.78,20.61,132.73,88.39,44.35,0,32.38,.,.,.,.,.,.,0,0,56.06,122.58,.,.,.,.,.,.,.,.,.,.,.,.,.,.,.,.,57.54,4.22,11.39,17.34,90.49,.,15.05,.,.,.,.,.,.,.,.,.,.,.,.,.,.,.,.,.,.,.,.,.,.,.,.,.,.,.,.,.,.,.,.,.,.,.,.,"Nodo 1 - Pies inventariados",25,"IFN3",.,.,.,.,.,.,.,.,.,.,35,.,.,498.69,.,.,0,0,12.82,.,.,.,.,.,.,.,.,.,.,.,.,.,.,.,.,18.09,.,.,24.5,.,.,475.21,.,.,.,.,.,.,.,.,10.57,.,.,2.69,.,.,2.8,.,.,0.31,.,.,54.92,43.12,294.4,.,.,.,.,.,42.38,45.54,18.48,60.26,39.81,20.44,.,.,.,.,.,.,.,.,0,0,25.19,55.13,.,.,.,.,.,.,.,.,.,.,.,.,.,.,.,.,26.59,1.93,5.47,8.08,42.07,.,.,.,.,.,.,.,.,.,.,.,.,.,.,.,.,.,.,.,.,.,.,.,.,.,.,.,.,.,.,.,.,.,.,.,.,.,.,7.08583074,311.24,32.6820265,22.8617979,0,0,0,0,.,.,.,.
"25","19_582","Nodo 3 - Pies inventariados","IFN2",.,.,.,.,.,.,.,.,.,.,30,.,.,1139.89,.,.,0,163.75,43.49,.,.,.,.,.,.,.,.,.,5.21,.,.,.,.,.,.,22.04,.,.,29.19,.,.,669.55,.,.,.,.,.,.,.,.,12.14,.,.,3.08,.,.,3.19,.,.,0.91,.,.,49.15,41.58,928.41,.,.,.,.,.,24.4,26.22,23.57,222.56,149.32,73.24,0,25.3,.,.,.,.,.,.,0,7.41,128.18,207.22,.,.,.,.,.,.,.,.,.,.,.,.,.,.,.,.,97.96,7.96,19.66,31.57,157.15,.,12.7,.,.,.,.,.,.,.,.,.,.,.,.,.,.,.,.,.,.,.,.,.,.,.,.,.,.,.,.,.,.,.,.,.,.,.,.,"Nodo 1 - Pies inventariados",25,"IFN3",.,.,.,.,.,.,.,.,.,.,30,.,.,364.29,.,.,0,0,17.9,.,.,.,.,.,.,.,.,.,.,.,.,.,.,.,.,25.02,.,.,29.55,.,.,688.04,.,.,.,.,.,.,.,.,11.92,.,.,3.72,.,.,3.78,.,.,0.41,.,.,46.71,40.36,364.67,.,.,.,.,.,43.94,47.21,21.65,95.22,64.28,30.94,.,.,.,.,.,.,.,.,0,7.06,57.76,88.84,.,.,.,.,.,.,.,.,.,.,.,.,.,.,.,.,41.89,3.58,8.32,13.87,67.65,.,.,.,.,.,.,.,.,.,.,.,.,.,.,.,.,.,.,.,.,.,.,.,.,.,.,.,.,.,.,.,.,.,.,.,.,.,.,7.0838862,127.35,37.5378275,27.1406905,0,0,0,0,.,.,.,.
"26","19_591","Nodo 3 - Pies inventariados","IFN2",.,.,.,.,.,.,.,.,.,.,40,.,.,389.5,.,.,0,74.72,22.28,.,.,.,.,.,.,.,.,.,2.76,.,.,.,.,.,.,26.99,.,.,39.08,.,.,1211.56,.,.,.,.,.,.,.,.,13.32,.,.,3.71,.,.,4.03,.,.,0.5,.,.,41.16,34.08,441.18,.,.,.,.,.,38.04,40.88,20.37,120.47,82.89,37.57,0,13.29,.,.,.,.,.,.,0,62.03,39.2,112.67,.,.,.,.,.,.,.,.,.,.,.,.,.,.,.,.,54.57,5.91,11.1,20.87,92.45,.,7.47,.,.,.,.,.,.,.,.,.,.,.,.,.,.,.,.,.,.,.,.,.,.,.,.,.,.,.,.,.,.,.,.,.,.,.,.,"Nodo 1 - Pies inventariados",25,"IFN3",.,.,.,.,.,.,.,.,.,.,40,.,.,422.43,.,.,0,0,21.34,.,.,.,.,.,.,.,.,.,.,.,.,.,.,.,.,25.36,.,.,37.83,.,.,1133.02,.,.,.,.,.,.,.,.,12.99,.,.,3.42,.,.,3.8,.,.,0.48,.,.,41.46,34.34,432.44,.,.,.,.,.,37.45,40.24,19.86,112.65,77.29,35.36,.,.,.,.,.,.,.,.,0,46.55,43.51,104.98,.,.,.,.,.,.,.,.,.,.,.,.,.,.,.,.,51.17,5.43,10.52,19.44,86.57,.,.,.,.,.,.,.,.,.,.,.,.,.,.,.,.,.,.,.,.,.,.,.,.,.,.,.,.,.,.,.,.,.,.,.,.,.,.,5.0238033,125.35,23.1956505,17.8576634,.,.,.,.,.,.,.,.
"27","19_593","Nodo 3 - Pies inventariados","IFN2",.,.,.,.,.,.,.,.,.,.,35,.,.,2166.47,.,.,0,210.64,65.91,.,.,.,.,.,.,.,.,.,6.05,.,.,.,.,.,.,19.68,.,.,26.7,.,.,560.06,.,.,.,.,.,.,.,.,12.25,.,.,2.71,.,.,2.77,.,.,1.31,.,.,51.58,45.86,1467.3,.,.,.,.,.,17.54,18.85,21.52,320.23,212.48,107.74,0,29.09,.,.,.,.,.,.,0,0,140.6,295.16,.,.,.,.,.,.,.,.,.,.,.,.,.,.,.,.,140.48,10.26,28.5,42.72,221.95,.,14.99,.,.,.,.,.,.,.,.,.,.,.,.,.,.,.,.,.,.,.,.,.,.,.,.,.,.,.,.,.,.,.,.,.,.,.,.,"Nodo 1 - Pies inventariados",25,"IFN3",.,.,.,.,.,.,.,.,.,.,35,.,.,866.51,.,.,0,0,30.11,.,.,.,.,.,.,.,.,.,.,.,.,.,.,.,.,21.03,.,.,28.31,.,.,630.65,.,.,.,.,.,.,.,.,11.27,.,.,3.07,.,.,3.14,.,.,0.67,.,.,47.14,39.82,654.03,.,.,.,.,.,30.13,32.38,19.22,140.5,93.6,46.89,.,.,.,.,.,.,.,.,0,2.24,63.4,129.23,.,.,.,.,.,.,.,.,.,.,.,.,.,.,.,.,63.32,5.12,13.34,20.76,102.54,.,.,.,.,.,.,.,.,.,.,.,.,.,.,.,.,.,.,.,.,.,.,.,.,.,.,.,.,.,.,.,.,.,.,.,.,.,.,10.59196436,336.01,50.0541771,35.9386846,0,0,0,0,0.68058906,31.83,2.9535057,2.0256612
"28","19_596","Nodo 3 - Pies inventariados","IFN2",.,.,.,.,.,.,.,.,.,.,30,.,.,1650.16,.,.,0,217.77,48.28,.,.,.,.,.,.,.,.,.,6.39,.,.,.,.,.,.,19.3,.,.,25.53,.,.,511.91,.,.,.,.,.,.,.,.,8.97,.,.,2.77,.,.,2.84,.,.,1.05,.,.,41.46,35.16,1082.58,.,.,.,.,.,27.43,29.47,20.14,185.53,122.24,63.29,0,23.91,.,.,.,.,.,.,0,0,66.08,167.35,.,.,.,.,.,.,.,.,.,.,.,.,.,.,.,.,88.51,7.37,20.76,30.87,147.51,.,13.78,.,.,.,.,.,.,.,.,.,.,.,.,.,.,.,.,.,.,.,.,.,.,.,.,.,.,.,.,.,.,.,.,.,.,.,.,"Nodo 1 - Pies inventariados",25,"IFN3",.,.,.,.,.,.,.,.,.,.,30,.,.,1488.98,.,.,0,0,30.23,.,.,.,.,.,.,.,.,.,.,.,.,.,.,.,.,16.08,.,.,23.32,.,.,429.16,.,.,.,.,.,.,.,.,7.62,.,.,2.36,.,.,2.47,.,.,0.71,.,.,40.52,32.65,725.45,.,.,.,.,.,34.03,36.57,16.7,98.21,63.86,34.35,.,.,.,.,.,.,.,.,0,0,23.1,85.86,.,.,.,.,.,.,.,.,.,.,.,.,.,.,.,.,48.76,4,12.45,17.44,82.66,.,.,.,.,.,.,.,.,.,.,.,.,.,.,.,.,.,.,.,.,.,.,.,.,.,.,.,.,.,.,.,.,.,.,.,.,.,.,4.00755308,265.26,11.8972218,10.5681915,.,.,.,.,3.06876213,190.98,10.1053884,7.9839189
"29","19_601","Nodo 3 - Pies inventariados","IFN2",.,.,.,.,.,.,.,.,.,.,30,.,.,1006.47,.,.,0,210.69,23.09,.,.,.,.,.,.,.,.,.,4.99,.,.,.,.,.,.,17.09,.,.,24.52,.,.,472.53,.,.,.,.,.,.,.,.,9.87,.,.,2.58,.,.,2.64,.,.,0.55,.,.,40.66,40.24,541.74,.,.,.,.,.,31.95,34.33,19.26,81.47,53.26,28.2,0,18.29,.,.,.,.,.,.,0,0,23.93,72.36,.,.,.,.,.,.,.,.,.,.,.,.,.,.,.,.,39.33,3.13,9.58,13.54,65.58,.,9.39,.,.,.,.,.,.,.,.,.,.,.,.,.,.,.,.,.,.,.,.,.,.,.,.,.,.,.,.,.,.,.,.,.,.,.,.,"Nodo 1 - Pies inventariados",25,"IFN3",.,.,.,.,.,.,.,.,.,.,30,.,.,1202.5,.,.,0,0,26.13,.,.,.,.,.,.,.,.,.,.,.,.,.,.,.,.,16.63,.,.,27.08,.,.,576.73,.,.,.,.,.,.,.,.,8.99,.,.,2.53,.,.,2.67,.,.,0.6,.,.,39.11,33.2,619.22,.,.,.,.,.,32.08,34.47,18.12,90.17,59.24,30.93,.,.,.,.,.,.,.,.,0,0,28.42,80.16,.,.,.,.,.,.,.,.,.,.,.,.,.,.,.,.,44.1,3.82,10.87,16.01,74.8,.,.,.,.,.,.,.,.,.,.,.,.,.,.,.,.,.,.,.,.,.,.,.,.,.,.,.,.,.,.,.,.,.,.,.,.,.,.,18.00282582,877.12,62.8653376,51.563688,.,.,.,.,.,.,.,.
"30","19_602","Nodo 3 - Pies inventariados","IFN2",.,.,.,.,.,.,.,.,.,.,30,.,.,493.2,.,.,0,143.06,11.22,.,.,.,.,.,.,.,.,.,2.94,.,.,.,.,.,.,17.02,.,.,20.51,.,.,330.59,.,.,.,.,.,.,.,.,9.34,.,.,2.64,.,.,2.67,.,.,0.28,.,.,52.46,45.51,263.69,.,.,.,.,.,48.23,51.83,17.21,47.75,31.18,16.58,0,11.54,.,.,.,.,.,.,0,0,11.86,43.46,.,.,.,.,.,.,.,.,.,.,.,.,.,.,.,.,21.42,1.43,4.6,6.34,33.79,.,4.83,.,.,.,.,.,.,.,.,.,.,.,.,.,.,.,.,.,.,.,.,.,.,.,.,.,.,.,.,.,.,.,.,.,.,.,.,"Nodo 1 - Pies inventariados",25,"IFN3",.,.,.,.,.,.,.,.,.,.,30,.,.,951.39,.,.,0,0,18.53,.,.,.,.,.,.,.,.,.,.,.,.,.,.,.,.,15.75,.,.,22.05,.,.,382.1,.,.,.,.,.,.,.,.,8.25,.,.,2.37,.,.,2.46,.,.,0.45,.,.,44.08,37.43,448.07,.,.,.,.,.,39.29,42.22,17.39,64.01,41.6,22.42,.,.,.,.,.,.,.,.,0,0,17.48,56.28,.,.,.,.,.,.,.,.,.,.,.,.,.,.,.,.,30.89,2.36,7.55,10.39,51.18,.,.,.,.,.,.,.,.,.,.,.,.,.,.,.,.,.,.,.,.,.,.,.,.,.,.,.,.,.,.,.,.,.,.,.,.,.,.,14.01722159,792.22,47.2642394,37.7983058,.,.,.,.,.,.,.,.
"31","19_603","Nodo 3 - Pies inventariados","IFN2",.,.,.,.,.,.,.,.,.,.,35,.,.,357.29,.,.,0,134.48,14.18,.,.,.,.,.,.,.,.,.,5.07,.,.,.,.,.,.,22.48,.,.,26.52,.,.,552.69,.,.,.,.,.,.,.,.,9.05,.,.,3.46,.,.,3.5,.,.,0.34,.,.,39.18,34.12,300.42,.,.,.,.,.,58.47,62.83,16.98,58.52,38.97,19.56,0,19.52,.,.,.,.,.,.,0,0,33.17,53.75,.,.,.,.,.,.,.,.,.,.,.,.,.,.,.,.,27.73,2.49,6.35,10.02,46.59,.,10.77,.,.,.,.,.,.,.,.,.,.,.,.,.,.,.,.,.,.,.,.,.,.,.,.,.,.,.,.,.,.,.,.,.,.,.,.,"Nodo 1 - Pies inventariados",25,"IFN3",.,.,.,.,.,.,.,.,.,.,35,.,.,555.27,.,.,0,0,18.2,.,.,.,.,.,.,.,.,.,.,.,.,.,.,.,.,20.43,.,.,27.37,.,.,595.21,.,.,.,.,.,.,.,.,9.71,.,.,3.07,.,.,3.15,.,.,0.43,.,.,43.33,35.48,399.64,.,.,.,.,.,43.69,46.95,17.54,76.67,50.89,25.77,.,.,.,.,.,.,.,.,0,4.56,31.59,70.14,.,.,.,.,.,.,.,.,.,.,.,.,.,.,.,.,35.72,3.03,8,12.34,59.09,.,.,.,.,.,.,.,.,.,.,.,.,.,.,.,.,.,.,.,.,.,.,.,.,.,.,.,.,.,.,.,.,.,.,.,.,.,.,11.6112372,403.2,47.6434408,36.4973952,.,.,.,.,.,.,.,.
"32","19_604","Nodo 3 - Pies inventariados","IFN2",.,.,.,.,.,.,.,.,.,.,25,.,.,1201.06,.,.,0,214.3,34.73,.,.,.,.,.,.,.,.,.,6.57,.,.,.,.,.,.,19.19,.,.,25.81,.,.,523.17,.,.,.,.,.,.,.,.,9.81,.,.,2.82,.,.,2.88,.,.,0.78,.,.,44.34,38.01,780.54,.,.,.,.,.,29.41,31.61,22.92,141.15,93.06,48.09,0,26.29,.,.,.,.,.,.,0,0,52.19,127.85,.,.,.,.,.,.,.,.,.,.,.,.,.,.,.,.,65.74,5.24,14.89,22.01,107.87,.,13.65,.,.,.,.,.,.,.,.,.,.,.,.,.,.,.,.,.,.,.,.,.,.,.,.,.,.,.,.,.,.,.,.,.,.,.,.,"Nodo 1 - Pies inventariados",25,"IFN3",.,.,.,.,.,.,.,.,.,.,25,.,.,940.78,.,.,0,0,26.52,.,.,.,.,.,.,.,.,.,.,.,.,.,.,.,.,18.94,.,.,26.48,.,.,552.04,.,.,.,.,.,.,.,.,9.65,.,.,2.78,.,.,2.88,.,.,0.61,.,.,41.62,36.42,598.73,.,.,.,.,.,33.8,36.32,20.99,105.8,69.96,35.83,.,.,.,.,.,.,.,.,0,0,46.76,95.76,.,.,.,.,.,.,.,.,.,.,.,.,.,.,.,.,49.82,4.15,11.45,17.2,82.62,.,.,.,.,.,.,.,.,.,.,.,.,.,.,.,.,.,.,.,.,.,.,.,.,.,.,.,.,.,.,.,.,.,.,.,.,.,.,11.32956806,459.8,42.6474822,34.3814633,.,.,.,.,.,.,.,.
"33","19_606","Nodo 3 - Pies inventariados","IFN2",.,.,.,.,.,.,.,.,.,.,30,.,.,955.41,.,.,0,191.47,22.35,.,.,.,.,.,.,.,.,.,4.97,.,.,.,.,.,.,17.26,.,.,23.98,.,.,451.99,.,.,.,.,.,.,.,.,9.55,.,.,2.6,.,.,2.65,.,.,0.53,.,.,46.65,39.85,522.41,.,.,.,.,.,33.86,36.39,18.89,87.27,57.08,30.2,0,19.55,.,.,.,.,.,.,0,0,28.62,78.71,.,.,.,.,.,.,.,.,.,.,.,.,.,.,.,.,40.68,3.02,9.28,13.1,66.08,.,9.75,.,.,.,.,.,.,.,.,.,.,.,.,.,.,.,.,.,.,.,.,.,.,.,.,.,.,.,.,.,.,.,.,.,.,.,.,"Nodo 1 - Pies inventariados",25,"IFN3",.,.,.,.,.,.,.,.,.,.,30,.,.,756.87,.,.,0,0,19.47,.,.,.,.,.,.,.,.,.,.,.,.,.,.,.,.,18.1,.,.,23.06,.,.,419.6,.,.,.,.,.,.,.,.,9.77,.,.,2.75,.,.,2.78,.,.,0.46,.,.,48.83,42.36,447.17,.,.,.,.,.,37.2,39.98,19.26,81.7,53.59,28.11,.,.,.,.,.,.,.,.,0,0,21.31,74.26,.,.,.,.,.,.,.,.,.,.,.,.,.,.,.,.,37.23,2.69,8.15,11.62,59.69,.,.,.,.,.,.,.,.,.,.,.,.,.,.,.,.,.,.,.,.,.,.,.,.,.,.,.,.,.,.,.,.,.,.,.,.,.,.,9.27521276,410.26,38.1121114,27.5711797,.,.,.,.,.,.,.,.
"34","19_609","Nodo 3 - Pies inventariados","IFN2",.,.,.,.,.,.,.,.,.,.,30,.,.,1623.25,.,.,0,208.54,45.27,.,.,.,.,.,.,.,.,.,6.49,.,.,.,.,.,.,18.84,.,.,27.64,.,.,600.36,.,.,.,.,.,.,.,.,10.68,.,.,2.69,.,.,2.77,.,.,0.98,.,.,45.88,38.64,1024.2,.,.,.,.,.,23.24,24.97,21.97,191.56,126.55,65.01,0,28.06,.,.,.,.,.,.,0,0,71.97,174.84,.,.,.,.,.,.,.,.,.,.,.,.,.,.,.,.,88.06,6.89,19.41,28.81,143.17,.,14.92,.,.,.,.,.,.,.,.,.,.,.,.,.,.,.,.,.,.,.,.,.,.,.,.,.,.,.,.,.,.,.,.,.,.,.,.,"Nodo 1 - Pies inventariados",25,"IFN3",.,.,.,.,.,.,.,.,.,.,30,.,.,1542.03,.,.,0,0,29.99,.,.,.,.,.,.,.,.,.,.,.,.,.,.,.,.,15.74,.,.,26.41,.,.,550.12,.,.,.,.,.,.,.,.,10.06,.,.,2.26,.,.,2.39,.,.,0.69,.,.,47.42,38.08,725.5,.,.,.,.,.,25.32,27.21,19.34,113.71,74.36,39.34,.,.,.,.,.,.,.,.,0,0,33.49,101.13,.,.,.,.,.,.,.,.,.,.,.,.,.,.,.,.,53.4,4.06,12.38,17.47,87.31,.,.,.,.,.,.,.,.,.,.,.,.,.,.,.,.,.,.,.,.,.,.,.,.,.,.,.,.,.,.,.,.,.,.,.,.,.,.,4.93178805,346.6,17.3461514,13.1821315,.,.,.,.,.,.,.,.
"35","19_611","Nodo 3 - Pies inventariados","IFN2",.,.,.,.,.,.,.,.,.,.,30,.,.,259.26,.,.,0,100.11,9.81,.,.,.,.,.,.,.,.,.,3.43,.,.,.,.,.,.,21.95,.,.,23.11,.,.,419.43,.,.,.,.,.,.,.,.,10.29,.,.,3.44,.,.,3.44,.,.,0.24,.,.,42.86,44.52,209.82,.,.,.,.,.,60.37,64.87,18.89,43.25,28.75,14.5,0,14.64,.,.,.,.,.,.,0,0,24.17,39.97,.,.,.,.,.,.,.,.,.,.,.,.,.,.,.,.,19.87,1.62,4.34,6.67,32.5,.,6.94,.,.,.,.,.,.,.,.,.,.,.,.,.,.,.,.,.,.,.,.,.,.,.,.,.,.,.,.,.,.,.,.,.,.,.,.,"Nodo 1 - Pies inventariados",25,"IFN3",.,.,.,.,.,.,.,.,.,.,30,.,.,399.66,.,.,0,0,17.58,.,.,.,.,.,.,.,.,.,.,.,.,.,.,.,.,23.67,.,.,28.95,.,.,666.18,.,.,.,.,.,.,.,.,11.35,.,.,3.52,.,.,3.61,.,.,0.41,.,.,43.5,39.2,365.54,.,.,.,.,.,44.08,47.36,20.94,84.75,57,27.75,.,.,.,.,.,.,.,.,0,7.56,44.84,78.51,.,.,.,.,.,.,.,.,.,.,.,.,.,.,.,.,38.45,3.42,8.09,13.31,63.26,.,.,.,.,.,.,.,.,.,.,.,.,.,.,.,.,.,.,.,.,.,.,.,.,.,.,.,.,.,.,.,.,.,.,.,.,.,.,14.12312952,328.95,69.0320897,51.1109189,.,.,.,.,.,.,.,.
"36","19_613","Nodo 3 - Pies inventariados","IFN2",.,.,.,.,.,.,.,.,.,.,30,.,.,149.54,.,.,0,57.59,8.42,.,.,.,.,.,.,.,.,.,2.66,.,.,.,.,.,.,26.78,.,.,27.76,.,.,611.84,.,.,.,.,.,.,.,.,11.37,.,.,4.13,.,.,4.15,.,.,0.2,.,.,43.18,40.93,167.27,.,.,.,.,.,71.95,77.32,19.79,44.79,30.36,14.42,0,12.71,.,.,.,.,.,.,0,4.85,28.44,41.86,.,.,.,.,.,.,.,.,.,.,.,.,.,.,.,.,19.86,1.78,3.98,6.78,32.4,.,6.17,.,.,.,.,.,.,.,.,.,.,.,.,.,.,.,.,.,.,.,.,.,.,.,.,.,.,.,.,.,.,.,.,.,.,.,.,"Nodo 1 - Pies inventariados",25,"IFN3",.,.,.,.,.,.,.,.,.,.,30,.,.,190.99,.,.,0,0,8.69,.,.,.,.,.,.,.,.,.,.,.,.,.,.,.,.,24.07,.,.,28.43,.,.,646.78,.,.,.,.,.,.,.,.,12.15,.,.,4.19,.,.,4.24,.,.,0.18,.,.,41.24,42.72,179.52,.,.,.,.,.,59.57,64.02,21.99,42.66,29.06,13.6,.,.,.,.,.,.,.,.,0,10.19,24.01,39.99,.,.,.,.,.,.,.,.,.,.,.,.,.,.,.,.,18.64,1.68,3.62,6.32,30.26,.,.,.,.,.,.,.,.,.,.,.,.,.,.,.,.,.,.,.,.,.,.,.,.,.,.,.,.,.,.,.,.,.,.,.,.,.,.,3.85354025,70.75,20.195729,14.6088845,.,.,.,.,.,.,.,.
"37","19_616","Nodo 3 - Pies inventariados","IFN2",.,.,.,.,.,.,.,.,.,.,35,.,.,814.48,.,.,0,103.59,35.98,.,.,.,.,.,.,.,.,.,4.18,.,.,.,.,.,.,23.72,.,.,27.99,.,.,615.36,.,.,.,.,.,.,.,.,11.06,.,.,3.46,.,.,3.49,.,.,0.78,.,.,43.95,39.53,747.4,.,.,.,.,.,31.68,34.04,20.04,173.97,116.67,57.3,0,19.29,.,.,.,.,.,.,0,0,102.58,161.51,.,.,.,.,.,.,.,.,.,.,.,.,.,.,.,.,78.44,6.66,16.38,26.41,127.89,.,10.35,.,.,.,.,.,.,.,.,.,.,.,.,.,.,.,.,.,.,.,.,.,.,.,.,.,.,.,.,.,.,.,.,.,.,.,.,"Nodo 1 - Pies inventariados",25,"IFN3",.,.,.,.,.,.,.,.,.,.,35,.,.,679.06,.,.,0,0,31.44,.,.,.,.,.,.,.,.,.,.,.,.,.,.,.,.,24.28,.,.,30.55,.,.,733.71,.,.,.,.,.,.,.,.,11.92,.,.,3.51,.,.,3.58,.,.,0.68,.,.,46.05,39.03,647.43,.,.,.,.,.,32.18,34.58,20.06,162.48,109.52,52.96,.,.,.,.,.,.,.,.,0,13.84,93.9,151.26,.,.,.,.,.,.,.,.,.,.,.,.,.,.,.,.,72.04,6.18,14.53,24.04,116.79,.,.,.,.,.,.,.,.,.,.,.,.,.,.,.,.,.,.,.,.,.,.,.,.,.,.,.,.,.,.,.,.,.,.,.,.,.,.,10.56231249,215.78,53.9648472,39.5121434,.,.,.,.,.,.,.,.
"38","19_617","Nodo 3 - Pies inventariados","IFN2",.,.,.,.,.,.,.,.,.,.,35,.,.,693.28,.,.,0,169.84,24.76,.,.,.,.,.,.,.,.,.,5.47,.,.,.,.,.,.,21.33,.,.,27.21,.,.,582.06,.,.,.,.,.,.,.,.,9.77,.,.,3.18,.,.,3.26,.,.,0.58,.,.,38.24,35.91,535.13,.,.,.,.,.,38.87,41.77,18.02,97.23,64.62,32.62,0,20.55,.,.,.,.,.,.,0,0,52.88,88.38,.,.,.,.,.,.,.,.,.,.,.,.,.,.,.,.,46.8,4.27,11.02,17.25,79.34,.,11.67,.,.,.,.,.,.,.,.,.,.,.,.,.,.,.,.,.,.,.,.,.,.,.,.,.,.,.,.,.,.,.,.,.,.,.,.,"Nodo 1 - Pies inventariados",25,"IFN3",.,.,.,.,.,.,.,.,.,.,35,.,.,417.34,.,.,0,0,18.75,.,.,.,.,.,.,.,.,.,.,.,.,.,.,.,.,23.92,.,.,29.47,.,.,684.98,.,.,.,.,.,.,.,.,9.35,.,.,3.63,.,.,3.69,.,.,0.45,.,.,35.62,31.73,388.34,.,.,.,.,.,52.36,56.26,17.02,74.54,49.87,24.67,.,.,.,.,.,.,.,.,0,4.73,40.48,68.15,.,.,.,.,.,.,.,.,.,.,.,.,.,.,.,.,36.28,3.61,8.61,14.12,62.62,.,.,.,.,.,.,.,.,.,.,.,.,.,.,.,.,.,.,.,.,.,.,.,.,.,.,.,.,.,.,.,.,.,.,.,.,.,.,6.22529338,148.56,24.5837875,20.4443098,.,.,.,.,.,.,.,.
"39","42_1858","Nodo 3 - Pies inventariados","IFN2",.,.,.,.,.,.,.,.,.,.,25,.,.,792.44,.,.,0,187.65,16.15,.,.,.,.,.,.,.,.,.,3.08,.,.,.,.,.,.,16.11,.,.,19.66,.,.,303.69,.,.,.,.,.,.,.,.,8.03,.,.,2.51,.,.,2.54,.,.,0.4,.,.,42.58,40.87,387.37,.,.,.,.,.,44.21,47.51,18.93,52.95,34.21,18.74,0,9.08,.,.,.,.,.,.,0,0,5.44,47.02,.,.,.,.,.,.,.,.,.,.,.,.,.,.,.,.,25.9,1.94,6.51,8.73,43.08,.,4.23,.,.,.,.,.,.,.,.,.,.,.,.,.,.,.,.,.,.,.,.,.,.,.,.,.,.,.,.,.,.,.,.,.,.,.,.,"Nodo 1 - Pies inventariados",25,"IFN3",.,.,.,.,.,.,.,.,.,.,27,.,.,700.28,.,.,0,0,10.15,.,.,.,.,.,.,.,.,.,.,.,.,.,.,.,.,13.59,.,.,20.57,.,.,333.68,.,.,.,.,.,.,.,.,8.99,.,.,2.53,.,.,2.6,.,.,0.17,.,.,56.41,43.67,259.38,.,.,.,.,.,42.05,45.19,18.78,25.91,16.89,9.01,.,.,.,.,.,.,.,.,0,0,6.81,23.5,.,.,.,.,.,.,.,.,.,.,.,.,.,.,.,.,12.05,0.87,2.75,3.82,19.5,.,.,.,.,.,.,.,.,.,.,.,.,.,.,.,.,.,.,.,.,.,.,.,.,.,.,.,.,.,.,.,.,.,.,.,.,.,.,.,.,.,.,.,.,.,.,.,.,.,.
"40","42_1890","Nodo 3 - Pies inventariados","IFN2",.,.,.,.,.,.,.,.,.,.,30,.,.,687.27,.,.,0,139.07,27.7,.,.,.,.,.,.,.,.,.,5.19,.,.,.,.,.,.,22.65,.,.,30.44,.,.,729.6,.,.,.,.,.,.,.,.,10.15,.,.,3.33,.,.,3.41,.,.,0.63,.,.,42.51,33.35,585.34,.,.,.,.,.,37.57,40.37,20.83,122.53,81.89,40.64,0,21.64,.,.,.,.,.,.,0,9.57,56.86,112.82,.,.,.,.,.,.,.,.,.,.,.,.,.,.,.,.,56.96,5.12,12.56,20.24,94.87,.,11.97,.,.,.,.,.,.,.,.,.,.,.,.,.,.,.,.,.,.,.,.,.,.,.,.,.,.,.,.,.,.,.,.,.,.,.,.,"Nodo 1 - Pies inventariados",25,"IFN3",.,.,.,.,.,.,.,.,.,.,32,.,.,399.66,.,.,0,0,.,.,.,.,.,.,.,.,.,.,.,.,.,.,.,.,.,18.87,.,.,30.37,.,.,733.01,.,.,.,.,.,.,.,.,11.96,.,.,4.27,.,.,4.33,.,.,0.21,.,.,51.68,39.36,252.74,.,.,.,.,.,41.84,44.96,20.8,48.56,33.12,15.44,.,.,.,.,.,.,.,.,0,12.86,24.41,45.41,.,.,.,.,.,.,.,.,.,.,.,.,.,.,.,.,21.72,2.08,4.37,7.73,35.91,.,.,.,.,.,.,.,.,.,.,.,.,.,.,.,.,.,.,.,.,.,.,.,.,.,.,.,.,.,.,.,.,.,.,.,.,.,.,.,.,.,.,0,0,0,0,.,.,.,.
"41","42_1902","Nodo 3 - Pies inventariados","IFN2",.,.,.,.,.,.,.,.,.,.,25,.,.,869.03,.,.,0,200.58,20.91,.,.,.,.,.,.,.,.,.,4.95,.,.,.,.,.,.,17.5,.,.,24.39,.,.,467.94,.,.,.,.,.,.,.,.,7.62,.,.,2.67,.,.,2.72,.,.,0.51,.,.,41.7,31.25,486.24,.,.,.,.,.,44.51,47.83,19.88,72.07,46.96,25.11,0,16.41,.,.,.,.,.,.,0,0,13.83,63.78,.,.,.,.,.,.,.,.,.,.,.,.,.,.,.,.,35.2,2.85,8.7,12.33,59.08,.,8.87,.,.,.,.,.,.,.,.,.,.,.,.,.,.,.,.,.,.,.,.,.,.,.,.,.,.,.,.,.,.,.,.,.,.,.,.,"Nodo 1 - Pies inventariados",25,"IFN3",.,.,.,.,.,.,.,.,.,.,27,.,.,251.11,.,.,0,0,5.92,.,.,.,.,.,.,.,.,.,.,.,.,.,.,.,.,17.33,.,.,20.66,.,.,339.49,.,.,.,.,.,.,.,.,7.94,.,.,2.73,.,.,2.79,.,.,0.15,.,.,44.72,38.42,138.2,.,.,.,.,.,79.51,85.44,18.2,21.79,14.22,7.57,.,.,.,.,.,.,.,.,0,0,4.8,19.49,.,.,.,.,.,.,.,.,.,.,.,.,.,.,.,.,10.38,0.8,2.46,3.48,17.13,.,.,.,.,.,.,.,.,.,.,.,.,.,.,.,.,.,.,.,.,.,.,.,.,.,.,.,.,.,.,.,.,.,.,.,.,.,.,.,.,.,.,.,.,.,.,.,.,.,.
"42","42_1927","Nodo 3 - Pies inventariados","IFN2",.,.,.,.,.,.,.,.,.,.,30,.,.,235.24,.,.,0,107.91,11.35,.,.,.,.,.,.,.,.,.,4.59,.,.,.,.,.,.,24.79,.,.,28.12,.,.,624.76,.,.,.,.,.,.,.,.,11.51,.,.,3.8,.,.,3.84,.,.,0.27,.,.,42.41,40.94,232.04,.,.,.,.,.,56.63,60.86,21.48,55.96,37.71,18.25,0,21.4,.,.,.,.,.,.,0,0,30.51,52.21,.,.,.,.,.,.,.,.,.,.,.,.,.,.,.,.,25.22,2.23,5.25,8.68,41.37,.,10.36,.,.,.,.,.,.,.,.,.,.,.,.,.,.,.,.,.,.,.,.,.,.,.,.,.,.,.,.,.,.,.,.,.,.,.,.,"Nodo 1 - Pies inventariados",25,"IFN3",.,.,.,.,.,.,.,.,.,.,32,.,.,155.62,.,.,0,0,4.77,.,.,.,.,.,.,.,.,.,.,.,.,.,.,.,.,19.76,.,.,21.03,.,.,356.74,.,.,.,.,.,.,.,.,10.7,.,.,3.39,.,.,3.43,.,.,0.08,.,.,53.99,50.9,106.1,.,.,.,.,.,74.9,80.48,19.66,17.22,11.5,5.71,.,.,.,.,.,.,.,.,0,0,10.25,16.06,.,.,.,.,.,.,.,.,.,.,.,.,.,.,.,.,7.51,0.58,1.5,2.33,11.92,.,.,.,.,.,.,.,.,.,.,.,.,.,.,.,.,.,.,.,.,.,.,.,.,.,.,.,.,.,.,.,.,.,.,.,.,.,.,.,.,.,.,.,.,.,.,.,.,.,.
"43","42_1928","Nodo 3 - Pies inventariados","IFN2",.,.,.,.,.,.,.,.,.,.,30,.,.,619.37,.,.,0,191.42,19.46,.,.,.,.,.,.,.,.,.,6.52,.,.,.,.,.,.,20,.,.,28.72,.,.,657.14,.,.,.,.,.,.,.,.,10.93,.,.,3.01,.,.,3.09,.,.,0.46,.,.,38.65,38.04,430.58,.,.,.,.,.,36.78,39.52,21.7,76.4,50.76,25.64,0,27.08,.,.,.,.,.,.,0,11,25.1,69.81,.,.,.,.,.,.,.,.,.,.,.,.,.,.,.,.,36.47,3.24,8.53,13.15,61.38,.,14.4,.,.,.,.,.,.,.,.,.,.,.,.,.,.,.,.,.,.,.,.,.,.,.,.,.,.,.,.,.,.,.,.,.,.,.,.,"Nodo 1 - Pies inventariados",25,"IFN3",.,.,.,.,.,.,.,.,.,.,32,.,.,268.8,.,.,0,0,.,.,.,.,.,.,.,.,.,.,.,.,.,.,.,.,.,18.42,.,.,20.9,.,.,345.03,.,.,.,.,.,.,.,.,9.27,.,.,3.15,.,.,3.18,.,.,0.09,.,.,47.4,44.34,163.37,.,.,.,.,.,65.81,70.72,17.92,14.68,9.7,4.98,.,.,.,.,.,.,.,.,0,0,6.85,13.51,.,.,.,.,.,.,.,.,.,.,.,.,.,.,.,.,6.75,0.53,1.49,2.21,10.98,.,.,.,.,.,.,.,.,.,.,.,.,.,.,.,.,.,.,.,.,.,.,.,.,.,.,.,.,.,.,.,.,.,.,.,.,.,.,.,.,.,.,0,0,0,0,.,.,.,.
"44","42_1980","Nodo 3 - Pies inventariados","IFN2",.,.,.,.,.,.,.,.,.,.,27,.,.,470.5,.,.,0,106.21,22.54,.,.,.,.,.,.,.,.,.,5.14,.,.,.,.,.,.,24.7,.,.,31.19,.,.,823.15,.,.,.,.,.,.,.,.,10.55,.,.,3.64,.,.,3.74,.,.,0.52,.,.,39.75,33.83,461.27,.,.,.,.,.,43.69,46.95,22.65,104.74,70.82,33.93,0,23.42,.,.,.,.,.,.,0,20.37,52.64,96.91,.,.,.,.,.,.,.,.,.,.,.,.,.,.,.,.,48.73,4.84,10.59,18.17,82.33,.,13.72,.,.,.,.,.,.,.,.,.,.,.,.,.,.,.,.,.,.,.,.,.,.,.,.,.,.,.,.,.,.,.,.,.,.,.,.,"Nodo 1 - Pies inventariados",25,"IFN3",.,.,.,.,.,.,.,.,.,.,29,.,.,807.94,.,.,0,0,.,.,.,.,.,.,.,.,.,.,.,.,.,.,.,.,.,14.79,.,.,25.77,.,.,543.64,.,.,.,.,.,.,.,.,11.8,.,.,3.63,.,.,3.7,.,.,0.18,.,.,71.09,45.8,343.49,.,.,.,.,.,29.81,32.04,21.93,42.85,28.92,13.93,.,.,.,.,.,.,.,.,0,4.11,22.92,40.09,.,.,.,.,.,.,.,.,.,.,.,.,.,.,.,.,18.69,1.6,3.66,6.13,30.09,.,.,.,.,.,.,.,.,.,.,.,.,.,.,.,.,.,.,.,.,.,.,.,.,.,.,.,.,.,.,.,.,.,.,.,.,.,.,.,.,.,.,0,0,0,0,.,.,.,.
"45","44_1589","Nodo 3 - Pies inventariados","IFN2",.,.,.,.,.,.,.,.,.,.,35,.,.,56.65,.,.,0,24.82,3.51,.,.,.,.,.,.,.,.,.,1.19,.,.,.,.,.,.,28.07,.,.,28.07,.,.,619.04,.,.,.,.,.,.,.,.,9.6,.,.,4.53,.,.,4.53,.,.,0.09,.,.,34.19,34.19,68.43,.,.,.,.,.,138.43,148.75,16.8,15.39,10.41,4.98,0,4.47,.,.,.,.,.,.,0,0,10.97,14.25,.,.,.,.,.,.,.,.,.,.,.,.,.,.,.,.,7.37,0.76,1.67,2.9,12.7,.,2.46,.,.,.,.,.,.,.,.,.,.,.,.,.,.,.,.,.,.,.,.,.,.,.,.,.,.,.,.,.,.,.,.,.,.,.,.,"Nodo 1 - Pies inventariados",25,"IFN3",.,.,.,.,.,.,.,.,.,.,36,.,.,14.15,.,.,0,0,0.8,.,.,.,.,.,.,.,.,.,.,.,.,.,.,.,.,26.82,.,.,26.82,.,.,564.97,.,.,.,.,.,.,.,.,7.95,.,.,4.54,.,.,4.54,.,.,0.02,.,.,29.66,29.66,15.86,.,.,.,.,.,334.23,359.16,15.12,2.93,1.97,0.96,.,.,.,.,.,.,.,.,0,0,1.53,2.69,.,.,.,.,.,.,.,.,.,.,.,.,.,.,.,.,1.49,0.17,0.38,0.64,2.67,.,.,.,.,.,.,.,.,.,.,.,.,.,.,.,.,.,.,.,.,.,.,.,.,.,.,.,.,.,.,.,.,.,.,.,.,.,.,.,.,.,.,.,.,.,.,.,.,.,.
"46","44_1615","Nodo 3 - Pies inventariados","IFN2",.,.,.,.,.,.,.,.,.,.,35,.,.,446.99,.,.,0,153.44,18.26,.,.,.,.,.,.,.,.,.,5.63,.,.,.,.,.,.,22.81,.,.,34.76,.,.,957.34,.,.,.,.,.,.,.,.,9.52,.,.,3.31,.,.,3.52,.,.,0.43,.,.,39.1,27.38,384.88,.,.,.,.,.,49.69,53.4,17.59,74.57,50.13,24.44,0,21.52,.,.,.,.,.,.,0,15.21,21.31,68.5,.,.,.,.,.,.,.,.,.,.,.,.,.,.,.,.,36.28,3.92,8.55,14.68,63.42,.,13.55,.,.,.,.,.,.,.,.,.,.,.,.,.,.,.,.,.,.,.,.,.,.,.,.,.,.,.,.,.,.,.,.,.,.,.,.,"Nodo 1 - Pies inventariados",25,"IFN3",.,.,.,.,.,.,.,.,.,.,35,.,.,908.95,.,.,0,0,.,.,.,.,.,.,.,.,.,.,.,.,.,.,.,.,.,17.02,.,.,29.41,.,.,697.95,.,.,.,.,.,.,.,.,8.46,.,.,3.9,.,.,4.01,.,.,0.22,.,.,47.19,28.77,486.05,.,.,.,.,.,39.19,42.12,15.92,35.79,24.11,11.69,.,.,.,.,.,.,.,.,0,8.07,14.82,32.77,.,.,.,.,.,.,.,.,.,.,.,.,.,.,.,.,17.95,2.05,4.43,7.69,32.13,.,.,.,.,.,.,.,.,.,.,.,.,.,.,.,.,.,.,.,.,.,.,.,.,.,.,.,.,.,.,.,.,.,.,.,.,.,.,10.95983905,597.71,9.458143,8.214641,0,0,0,0,.,.,.,.
"47","44_164","Nodo 3 - Pies inventariados","IFN2",.,.,.,.,.,.,.,.,.,.,42,.,.,752.46,.,.,0,80.48,37.78,.,.,.,.,.,.,.,.,.,3.42,.,.,.,.,.,.,25.28,.,.,33.65,.,.,891.59,.,.,.,.,.,.,.,.,12.36,.,.,3.62,.,.,3.7,.,.,0.81,.,.,42.76,36.72,766.42,.,.,.,.,.,29.5,31.7,19.05,188.67,127.57,61.11,0,16.18,.,.,.,.,.,.,0,33.31,98.1,175.75,.,.,.,.,.,.,.,.,.,.,.,.,.,.,.,.,85.28,7.88,17.72,30.08,140.96,.,9.08,.,.,.,.,.,.,.,.,.,.,.,.,.,.,.,.,.,.,.,.,.,.,.,.,.,.,.,.,.,.,.,.,.,.,.,.,"Nodo 1 - Pies inventariados",25,"IFN3",.,.,.,.,.,.,.,.,.,.,43,.,.,601.25,.,.,0,0,25.28,.,.,.,.,.,.,.,.,.,.,.,.,.,.,.,.,23.14,.,.,31.64,.,.,788.97,.,.,.,.,.,.,.,.,10.8,.,.,3.38,.,.,3.5,.,.,0.58,.,.,39.95,34.13,529.96,.,.,.,.,.,37.76,40.58,16.51,110.08,73.9,36.18,.,.,.,.,.,.,.,.,0,12.39,53.44,101.4,.,.,.,.,.,.,.,.,.,.,.,.,.,.,.,.,51.84,4.96,11.63,19.24,87.68,.,.,.,.,.,.,.,.,.,.,.,.,.,.,.,.,.,.,.,.,.,.,.,.,.,.,.,.,.,.,.,.,.,.,.,.,.,.,.,.,.,.,.,.,.,.,0.87643905,63.66,3.3701604,2.3095848
"48","44_168","Nodo 3 - Pies inventariados","IFN2",.,.,.,.,.,.,.,.,.,.,40,.,.,1134.15,.,.,0,179.22,22.71,.,.,.,.,.,.,.,.,.,2.9,.,.,.,.,.,.,15.97,.,.,18.31,.,.,263.47,.,.,.,.,.,.,.,.,6.52,.,.,2.48,.,.,2.49,.,.,0.55,.,.,40.87,35.61,546.29,.,.,.,.,.,45.53,48.92,12.37,71.16,45.84,25.32,0,8.28,.,.,.,.,.,.,0,0,0,62.11,.,.,.,.,.,.,.,.,.,.,.,.,.,.,.,.,35.26,2.63,9.07,12,58.98,.,4.39,.,.,.,.,.,.,.,.,.,.,.,.,.,.,.,.,.,.,.,.,.,.,.,.,.,.,.,.,.,.,.,.,.,.,.,.,"Nodo 1 - Pies inventariados",25,"IFN3",.,.,.,.,.,.,.,.,.,.,41,.,.,477.46,.,.,0,0,9.23,.,.,.,.,.,.,.,.,.,.,.,.,.,.,.,.,15.69,.,.,18.71,.,.,275.04,.,.,.,.,.,.,.,.,7.09,.,.,2.49,.,.,2.52,.,.,0.24,.,.,40.55,37.88,223.52,.,.,.,.,.,64.58,69.39,12.82,28.67,18.48,10.19,.,.,.,.,.,.,.,.,0,0,0,24.91,.,.,.,.,.,.,.,.,.,.,.,.,.,.,.,.,14.26,1.08,3.69,4.91,23.95,.,.,.,.,.,.,.,.,.,.,.,.,.,.,.,.,.,.,.,.,.,.,.,.,.,.,.,.,.,.,.,.,.,.,.,.,.,.,.,.,.,.,.,.,.,.,.,.,.,.
"49","44_317","Nodo 3 - Pies inventariados","IFN2",.,.,.,.,.,.,.,.,.,.,40,.,.,477.09,.,.,0,126.95,20.43,.,.,.,.,.,.,.,.,.,4.81,.,.,.,.,.,.,23.35,.,.,26.42,.,.,548.36,.,.,.,.,.,.,.,.,11.51,.,.,3.5,.,.,3.53,.,.,0.47,.,.,45.77,43.57,426.93,.,.,.,.,.,39.77,42.74,18.7,101.6,68.11,33.49,0,22.59,.,.,.,.,.,.,0,0,60.4,94.42,.,.,.,.,.,.,.,.,.,.,.,.,.,.,.,.,45.19,3.7,9.25,14.79,72.92,.,11.49,.,.,.,.,.,.,.,.,.,.,.,.,.,.,.,.,.,.,.,.,.,.,.,.,.,.,.,.,.,.,.,.,.,.,.,.,"Nodo 1 - Pies inventariados",25,"IFN3",.,.,.,.,.,.,.,.,.,.,41,.,.,512.83,.,.,0,0,.,.,.,.,.,.,.,.,.,.,.,.,.,.,.,.,.,19.36,.,.,25.72,.,.,523.27,.,.,.,.,.,.,.,.,11.48,.,.,3.23,.,.,3.27,.,.,0.17,.,.,56.87,44.65,338.14,.,.,.,.,.,38.46,41.32,17.54,32.59,21.68,10.9,.,.,.,.,.,.,.,.,0,0,18.44,30.04,.,.,.,.,.,.,.,.,.,.,.,.,.,.,.,.,14.63,1.15,3.07,4.71,23.55,.,.,.,.,.,.,.,.,.,.,.,.,.,.,.,.,.,.,.,.,.,.,.,.,.,.,.,.,.,.,.,.,.,.,.,.,.,.,.,.,.,.,0,0,0,0,.,.,.,.
